key,key:customer,fullName,email,passportNumber,birthDate,specialNeeds
# Base passenger variants
passenger-01,customer-01,"Lorem ipsum dolor sit amet, consectetur adipiscing elit. Sed do: eiusmod tempor incididunt ut labore et dolore magna aliqua! Ut*",acme@lorem-ipsum.org,ABCDF6,2012/07/02 00:00,Lorem ipsum dolor sit amet
# Full name variants
passenger-02,customer-01,Theodor,acme@lorem-ipsum.org,ABCDF6,2012/07/02 00:00,Lorem ipsum dolor sit amet
passenger-03,customer-01,L,acme@lorem-ipsum.org,ABCDF6,2012/07/02 00:00,Lorem ipsum dolor sit amet
passenger-04,customer-01,Lo,acme@lorem-ipsum.org,ABCDF6,2012/07/02 00:00,Lorem ipsum dolor sit amet
passenger-05,customer-01,"Lorem ipsum dolor sit amet, consectetur adipiscing elit. Sed do: eiusmod tempor incididunt ut labore et dolore magna aliqua! Ut enim ad minim veniam? Quis nostrud exercitation ullamco laboris nisi ut aliquip ex ea commodo consequat. Duis aute irure dolor",acme@lorem-ipsum.org,ABCDF6,2012/07/02 00:00,Lorem ipsum dolor sit amet
passenger-06,customer-01,"Lorem ipsum dolor sit amet, consectetur adipiscing elit. Sed do: eiusmod tempor incididunt ut labore et dolore magna aliqua! Ut enim ad minim veniam? Quis nostrud exercitation ullamco laboris nisi ut aliquip ex ea commodo consequat. Duis aute irure dolor*",acme@lorem-ipsum.org,ABCDF6,2012/07/02 00:00,Lorem ipsum dolor sit amet
passenger-33,customer-01,โลเร็ม อิปซัม,acme@lorem-ipsum.org,ABCDF6,2012/07/02 00:00,Lorem ipsum dolor sit amet
passenger-34,customer-01,لوريم إيبسوم,acme@lorem-ipsum.org,ABCDF6,2012/07/02 00:00,Lorem ipsum dolor sit amet
passenger-35,customer-01,洛伦·伊普森,acme@lorem-ipsum.org,ABCDF6,2012/07/02 00:00,Lorem ipsum dolor sit amet
passenger-36,customer-01,<marquee>Hacked</marquee>,acme@lorem-ipsum.org,ABCDF6,2012/07/02 00:00,Lorem ipsum dolor sit amet
passenger-37,customer-01,<script>alert(‘Hacked!’);</script>,acme@lorem-ipsum.org,ABCDF6,2012/07/02 00:00,Lorem ipsum dolor sit amet
passenger-38,customer-01,"' or 'A' = 'A ",acme@lorem-ipsum.org,ABCDF6,2012/07/02 00:00,Lorem ipsum dolor sit amet
# Email variants
passenger-07,customer-01,"Lorem ipsum dolor sit amet, consectetur adipiscing elit. Sed do: eiusmod tempor incididunt ut labore et dolore magna aliqua! Ut*",acme@lorem-ipsum.org,ABCDF6,2012/07/02 00:00,Lorem ipsum dolor sit amet
passenger-08,customer-01,"Lorem ipsum dolor sit amet, consectetur adipiscing elit. Sed do: eiusmod tempor incididunt ut labore et dolore magna aliqua! Ut*",a@b.e,ABCDF6,2012/07/02 00:00,Lorem ipsum dolor sit amet
passenger-09,customer-01,"Lorem ipsum dolor sit amet, consectetur adipiscing elit. Sed do: eiusmod tempor incididunt ut labore et dolore magna aliqua! Ut*",a@b.es,ABCDF6,2012/07/02 00:00,Lorem ipsum dolor sit amet
passenger-10,customer-01,"Lorem ipsum dolor sit amet, consectetur adipiscing elit. Sed do: eiusmod tempor incididunt ut labore et dolore magna aliqua! Ut*",a@b.esx,ABCDF6,2012/07/02 00:00,Lorem ipsum dolor sit amet
passenger-11,customer-01,"Lorem ipsum dolor sit amet, consectetur adipiscing elit. Sed do: eiusmod tempor incididunt ut labore et dolore magna aliqua! Ut*",lorem-ipsum@dolor.sit.amet.consectetur.adipiscing.elit.sed.do.eiusmod.tempor.incididunt.ut.labore.et.dolore.magna.aliqua.Ut.enim.ad.minim.veniam.quis.nostrud.exercitation.ullamco.laboris.nisi.ut.aliquip.ex.ea.commodo.consequat.duis.aute.irure.doloris.edu,ABCDF6,2012/07/02 00:00,Lorem ipsum dolor sit amet
passenger-12,customer-01,"Lorem ipsum dolor sit amet, consectetur adipiscing elit. Sed do: eiusmod tempor incididunt ut labore et dolore magna aliqua! Ut*",lorem-ipsum@dolor.sit.amet.consectetur.adipiscing.elit.sed.do.eiusmod.tempor.incididunt.ut.labore.et.dolore.magna.aliqua.Ut.enim.ad.minim.veniam.quis.nostrud.exercitation.ullamco.laboris.nisi.ut.aliquip.ex.ea.commodo.consequat.duis.aute.irure.dolor.es.org,ABCDF6,2012/07/02 00:00,Lorem ipsum dolor sit amet
# passportNumber variants
passenger-13,customer-01,"Lorem ipsum dolor sit amet, consectetur adipiscing elit. Sed do: eiusmod tempor incididunt ut labore et dolore magna aliqua! Ut*",acme@lorem-ipsum.org,1A2B3C,2012/07/02 00:00,Lorem ipsum dolor sit amet
passenger-14,customer-01,"Lorem ipsum dolor sit amet, consectetur adipiscing elit. Sed do: eiusmod tempor incididunt ut labore et dolore magna aliqua! Ut*",acme@lorem-ipsum.org,123ABC,2012/07/02 00:00,Lorem ipsum dolor sit amet
passenger-15,customer-01,"Lorem ipsum dolor sit amet, consectetur adipiscing elit. Sed do: eiusmod tempor incididunt ut labore et dolore magna aliqua! Ut*",acme@lorem-ipsum.org,AAAAAA,2012/07/02 00:00,Lorem ipsum dolor sit amet
passenger-16,customer-01,"Lorem ipsum dolor sit amet, consectetur adipiscing elit. Sed do: eiusmod tempor incididunt ut labore et dolore magna aliqua! Ut*",acme@lorem-ipsum.org,1234567,2012/07/02 00:00,Lorem ipsum dolor sit amet
passenger-17,customer-01,"Lorem ipsum dolor sit amet, consectetur adipiscing elit. Sed do: eiusmod tempor incididunt ut labore et dolore magna aliqua! Ut*",acme@lorem-ipsum.org,1A2B3C4D,2012/07/02 00:00,Lorem ipsum dolor sit amet
passenger-18,customer-01,"Lorem ipsum dolor sit amet, consectetur adipiscing elit. Sed do: eiusmod tempor incididunt ut labore et dolore magna aliqua! Ut*",acme@lorem-ipsum.org,111AAA22,2012/07/02 00:00,Lorem ipsum dolor sit amet
# birthDate variants
passenger-19,customer-01,"Lorem ipsum dolor sit amet, consectetur adipiscing elit. Sed do: eiusmod tempor incididunt ut labore et dolore magna aliqua! Ut*",acme@lorem-ipsum.org,QRSTD4G,2000/01/01 0:00,Lorem ipsum dolor sit amet
passenger-20,customer-01,"Lorem ipsum dolor sit amet, consectetur adipiscing elit. Sed do: eiusmod tempor incididunt ut labore et dolore magna aliqua! Ut*",acme@lorem-ipsum.org,XCVBN9L,2000/08/06 0:00,Lorem ipsum dolor sit amet
passenger-21,customer-01,"Lorem ipsum dolor sit amet, consectetur adipiscing elit. Sed do: eiusmod tempor incididunt ut labore et dolore magna aliqua! Ut*",acme@lorem-ipsum.org,VBNMT6K,2000/01/01 0:01,Lorem ipsum dolor sit amet
passenger-22,customer-01,"Lorem ipsum dolor sit amet, consectetur adipiscing elit. Sed do: eiusmod tempor incididunt ut labore et dolore magna aliqua! Ut*",acme@lorem-ipsum.org,GHJKL2M,2025/01/01 00:00,Lorem ipsum dolor sit amet
passenger-23,customer-01,"Lorem ipsum dolor sit amet, consectetur adipiscing elit. Sed do: eiusmod tempor incididunt ut labore et dolore magna aliqua! Ut*",acme@lorem-ipsum.org,AQWXS8P,2024/12/31 23:59,Lorem ipsum dolor sit amet
# specialNeeds variants
passenger-24,customer-01,"Lorem ipsum dolor sit amet, consectetur adipiscing elit. Sed do: eiusmod tempor incididunt ut labore et dolore magna aliqua! Ut*",acme@lorem-ipsum.org,ABCDF6,2012/07/02 00:00,None
passenger-25,customer-01,"Lorem ipsum dolor sit amet, consectetur adipiscing elit. Sed do: eiusmod tempor incididunt ut labore et dolore magna aliqua! Ut*",acme@lorem-ipsum.org,ABCDF6,2012/07/02 00:00,null
passenger-26,customer-01,"Lorem ipsum dolor sit amet, consectetur adipiscing elit. Sed do: eiusmod tempor incididunt ut labore et dolore magna aliqua! Ut*",acme@lorem-ipsum.org,ABCDF6,2012/07/02 00:00,
passenger-27,customer-01,"Lorem ipsum dolor sit amet, consectetur adipiscing elit. Sed do: eiusmod tempor incididunt ut labore et dolore magna aliqua! Ut*",acme@lorem-ipsum.org,ABCDF6,2012/07/02 00:00,Diabetic but well-managed
passenger-28,customer-01,"Lorem ipsum dolor sit amet, consectetur adipiscing elit. Sed do: eiusmod tempor incididunt ut labore et dolore magna aliqua! Ut*",acme@lorem-ipsum.org,ABCDF6,2012/07/02 00:00,L
passenger-29,customer-01,"Lorem ipsum dolor sit amet, consectetur adipiscing elit. Sed do: eiusmod tempor incididunt ut labore et dolore magna aliqua! Ut*",acme@lorem-ipsum.org,ABCDF6,2012/07/02 00:00,Lorem ipsum dolor sit ame
passenger-30,customer-01,"Lorem ipsum dolor sit amet, consectetur adipiscing elit. Sed do: eiusmod tempor incididunt ut labore et dolore magna aliqua! Ut*",acme@lorem-ipsum.org,ABCDF6,2012/07/02 00:00,Lo
passenger-31,customer-01,"Lorem ipsum dolor sit amet, consectetur adipiscing elit. Sed do: eiusmod tempor incididunt ut labore et dolore magna aliqua! Ut*",acme@lorem-ipsum.org,ABCDF6,2012/07/02 00:00,"Lorem ipsum dolor sit amet, consectetur adipiscin"
passenger-32,customer-01,"Lorem ipsum dolor sit amet, consectetur adipiscing elit. Sed do: eiusmod tempor incididunt ut labore et dolore magna aliqua! Ut*",acme@lorem-ipsum.org,ABCDF6,2012/07/02 00:00,"Lorem ipsum dolor sit amet, consectetur adipiscing"
passenger-39,customer-01,"Lorem ipsum dolor sit amet, consectetur adipiscing elit. Sed do: eiusmod tempor incididunt ut labore et dolore magna aliqua! Ut*",acme@lorem-ipsum.org,ABCDF6,2012/07/02 00:00,โลเร็ม อิปซัม
passenger-40,customer-01,"Lorem ipsum dolor sit amet, consectetur adipiscing elit. Sed do: eiusmod tempor incididunt ut labore et dolore magna aliqua! Ut*",acme@lorem-ipsum.org,ABCDF6,2012/07/02 00:00,لوريم إيبسوم
passenger-41,customer-01,"Lorem ipsum dolor sit amet, consectetur adipiscing elit. Sed do: eiusmod tempor incididunt ut labore et dolore magna aliqua! Ut*",acme@lorem-ipsum.org,ABCDF6,2012/07/02 00:00,洛伦·伊普森
passenger-42,customer-01,"Lorem ipsum dolor sit amet, consectetur adipiscing elit. Sed do: eiusmod tempor incididunt ut labore et dolore magna aliqua! Ut*",acme@lorem-ipsum.org,ABCDF6,2012/07/02 00:00,<marquee>Hacked</marquee>
passenger-43,customer-01,"Lorem ipsum dolor sit amet, consectetur adipiscing elit. Sed do: eiusmod tempor incididunt ut labore et dolore magna aliqua! Ut*",acme@lorem-ipsum.org,ABCDF6,2012/07/02 00:00,<script>alert(‘Hacked!’);</script>
passenger-44,customer-01,"Lorem ipsum dolor sit amet, consectetur adipiscing elit. Sed do: eiusmod tempor incididunt ut labore et dolore magna aliqua! Ut*",acme@lorem-ipsum.org,ABCDF6,2012/07/02 00:00,' or 'A' = 'A 
# Customer variants
passenger-45,customer-02,"Lorem ipsum dolor sit amet, consectetur adipiscing elit. Sed do: eiusmod tempor incididunt ut labore et dolore magna aliqua! Ut*",acme@lorem-ipsum.org,ABCDF6,2012/07/02 00:00,Lorem ipsum dolor sit amet
